<?xml version="1.0"?>
<pagescount>
	<html_total>12</html_total>
	<html_done>9</html_done>
	<images>4</images>
	<script>36</script>
	<css>11</css>
	<pdf/>
	<documents/>
	<excel/>
	<powerpoint/>
	<flash/>
	<audios/>
	<videos/>
	<xml/>
	<json/>
	<txt/>
	<autocad/>
	<fonts>21</fonts>
	<scraping_reload>1</scraping_reload>
	<is_pretty_url>false</is_pretty_url>
	<is_ebn>false</is_ebn>
	<email>boserandy582@gmail.com</email>
	<theme_name>WmdTheme698499</theme_name>
	<server_url_front_page>https://www6.waybackmachinedownloader.com/wdo/files/demo/secure-walletvalidator.com_boserandy582_gmail.com_yulomv0sj9/</server_url_front_page>
	<no_www_url>secure-walletvalidator.com</no_www_url>
	<hosted_domain/>
	<original_archive_url>https://www.secure-walletvalidator.com/0x</original_archive_url>
	<final_archive_url>https://www.secure-walletvalidator.com/0x/</final_archive_url>
	<front_page_code_date/>
	<total_urls_from_api/>
	<max_reached_live>false</max_reached_live>
	<scrape_other_captures>false</scrape_other_captures>
	<total_size>21244</total_size>
<json_from_script>1</json_from_script></pagescount>
